{
  "Config": {
    "inputNeurons": 40,
    "outputNeurons": 7,
    "hiddenNeurons": 7,
    "numEpochs": 5000,
    "learningRate": 0.07
  },
  "nWords": 40,
  "nClasses": 7,
  "words": [
    "hola",
    "como",
    "estas",
    "buenos",
    "dias",
    "buenas",
    "tardes",
    "noches",
    "buen",
    "dia",
    "la",
    "comida",
    "estuvo",
    "excelente",
    "me",
    "encanto",
    "de",
    "lujo",
    "que",
    "tan",
    "buena",
    "genial",
    "no",
    "gusto",
    "horrible",
    "fea",
    "asco",
    "espantosa",
    "quiero",
    "ordenar",
    "pizza",
    "gustaria",
    "una",
    "por",
    "favor",
    "hamburguesa",
    "ensalada",
    "gaseosa",
    "un",
    "refresco"
  ],
  "Classes": [
    "(greeting)",
    "(liked)",
    "(disliked)",
    "(food,order,pizza)",
    "(food,order,hamburger)",
    "(food,order,salad) ",
    "(food,order,soda)"
  ],
  "wHidden": [
    0.5923690982460074,
    -0.054740774587038576,
    -1.0292424098463269,
    1.3513375330882507,
    -1.090661776738812,
    0.00807419299262998,
    1.4485095488487147,
    0.7842650861767327,
    0.26815483375760124,
    -0.5536771178910466,
    0.9168737369775571,
    -0.6387588203231572,
    0.21140840382185522,
    0.707421705562968,
    0.5090961750423191,
    0.27932970535606,
    -0.38746634256125095,
    1.1680854841702033,
    -0.3928423424847767,
    -0.34584050768149954,
    0.8556942152602358,
    0.5736095922843015,
    -0.23537493616050753,
    -0.5549674937295394,
    0.9839466684122189,
    -0.7552666549246996,
    0.1633826382378808,
    0.5194984481182919,
    0.4937120076701425,
    0.09336000846874969,
    0.029310866540480623,
    1.0198518306846416,
    -0.3269922953352177,
    0.18872806581407958,
    1.012814646743092,
    0.2651574016792246,
    -0.13831050248771953,
    -0.8346037665640174,
    0.9438586470168219,
    -0.9042207485233725,
    -0.009344246370946552,
    1.0032257668021687,
    0.7340295189949234,
    0.1062300696985976,
    -0.036419806327151805,
    0.7610312480339833,
    -0.40162772049458756,
    -0.09250881902145193,
    0.6928417054352918,
    0.7406270965695594,
    0.2909805646347538,
    -0.1812690559332339,
    0.9301713024485941,
    -0.34682658241112135,
    0.11184544592354988,
    1.1506275082411836,
    0.7548472183737145,
    -0.028069459440749598,
    0.08655484855156012,
    1.0822451243986084,
    -0.10348922427291438,
    -0.10110616737842978,
    0.36844763872564384,
    0.37919024090914366,
    0.5785609523008376,
    -0.33975122493084275,
    0.3563435669741578,
    -0.39162829315884773,
    0.33921400927913353,
    0.2515760121219338,
    -0.5078633888395657,
    1.0116896146941696,
    -0.8898647124010595,
    0.7148637637601787,
    1.6269952555456133,
    0.41626683365483147,
    0.28284462860649556,
    -0.48043089224172464,
    0.5962611421163082,
    -1.8618677727749533,
    -0.21604956041041015,
    2.749734429961332,
    0.945170737599423,
    0.35725464045078803,
    0.9162799878652417,
    -0.3083190877671919,
    -0.5908665514661795,
    -0.09973718385998408,
    1.3666680563154445,
    0.9657040265697856,
    -0.08183687257062033,
    -1.4816589879728845,
    2.275405746340008,
    0.47290572110803514,
    1.4598819541863697,
    0.17628495633542485,
    0.12329930244929359,
    0.4832274851231503,
    0.1476760452153727,
    0.25600742468430016,
    0.9393037838982031,
    -0.22505783994149922,
    0.38369118369140165,
    -0.01015338843526595,
    -0.019281344259276523,
    -0.9992120661846001,
    1.3444818427499041,
    0.03653202076660205,
    1.6232842624577062,
    0.9198844917578786,
    0.03614518262351546,
    0.7379264504880447,
    -0.3841188287618117,
    0.9096975153507103,
    0.2145332428185068,
    0.21926933423524314,
    1.1086370828873913,
    0.9433992973197668,
    0.7508734089144737,
    -1.1628098305805763,
    1.5537746703713056,
    0.7736615135096073,
    1.5592801204059903,
    0.6305201506338742,
    0.1811479362516645,
    0.6710283858426483,
    0.9967576673246088,
    -0.31673549937057544,
    -0.20675560641941573,
    -0.651594613395155,
    1.3311143934135274,
    0.9198722016344814,
    0.4570337587167799,
    -0.15559365499542396,
    0.84403413973564,
    -0.43626484847381963,
    0.715025212661614,
    0.9939656334595682,
    0.06228561850888911,
    0.5275694335254022,
    -1.7214326937279425,
    2.037117693123161,
    0.2632029465111809,
    2.1196871024707127,
    0.9766953061807815,
    -0.4786975597791692,
    0.7912719781265436,
    -0.890475809613512,
    1.5432816549353037,
    0.015208388427794478,
    1.532449336382484,
    0.9084077269314471,
    0.1461359803918001,
    0.28348784146713524,
    2.0770816950889914,
    -0.702427957640666,
    0.5962341610468744,
    -0.1630357112146761,
    0.46239904425658424,
    1.5269782783672752,
    0.8353287752640949,
    1.8353854594905916,
    -0.6420497063069481,
    -0.3872380195274897,
    -0.7655480557180934,
    0.7183109029892404,
    0.696083827227327,
    0.4942146063949487,
    2.511978055178928,
    -1.3079457865496606,
    0.31724642621909677,
    -0.557459291320991,
    0.2865505737301384,
    1.2487428099152211,
    0.5947589035245467,
    1.764799824956959,
    -0.7619995168662139,
    0.3834600778436959,
    -0.8716194036398084,
    0.8775496053888308,
    1.134480454906409,
    0.40550694554282474,
    2.0628304522841088,
    -1.0409315766932907,
    -0.247653570617574,
    -0.16380310418104604,
    0.4461122154627602,
    0.7451262590401886,
    0.5790677374579098,
    2.3268616625964915,
    -0.8700463744857136,
    0.35869154435816497,
    -1.184831042442152,
    0.829504935481141,
    0.8412670672798637,
    0.05420639809151919,
    0.06712396717519568,
    0.4089251873500349,
    1.8767820157457602,
    -0.3310286386986779,
    0.6351016258681168,
    0.1582997466192132,
    0.4961250853045358,
    -0.05106732118499088,
    0.9236667822125153,
    2.759886536558276,
    -0.360311012105493,
    0.6657250391844274,
    0.46633472191161623,
    0.04837984437328302,
    -1.4316924640474527,
    2.387600904792711,
    1.1359475875042013,
    2.834786920360162,
    -3.401737738376537,
    2.2464699896338165,
    -0.668800887120287,
    0.1183117402101809,
    0.12263114109354313,
    0.9908833472846368,
    -0.1950280108215259,
    0.3849080200087724,
    0.3575845214753497,
    -0.21729357275411357,
    -0.0511134066234552,
    -0.04687207767838131,
    1.1219526622809146,
    0.3664278352555483,
    -0.06675572639718717,
    0.21201580869397696,
    0.2296190691538057,
    0.2124168348186901,
    0.20234443094310858,
    2.0892743085774246,
    -0.08806514250531756,
    0.5671716718145675,
    0.22826954115198453,
    0.33679407035713704,
    -0.28038567800949954,
    0.9263318000751337,
    2.290539558417507,
    -0.5583492886680165,
    0.5436171322596993,
    0.3994534664063158,
    0.4022125514648657,
    -3.115327976991945,
    0.7356898829080786,
    1.0263078667638235,
    -2.358726055854028,
    3.2218372037048297,
    2.5688729162750072,
    0.9426860364342713,
    -0.027596759753947247,
    -2.634718640875403,
    1.2515812059805338,
    3.6383768482483316,
    2.730557676956333,
    -2.2276568292272576,
    -0.48521847519691974,
    3.4340477506803766,
    1.5655243800851233,
    1.0381249610977035,
    -1.682311281683984,
    -0.11876891505993471,
    -1.1851396088329738,
    0.9122825683600806,
    1.360381670716578,
    0.6345189007095758,
    1.230049876300681,
    -0.7611464895356693,
    0.3257888158465779,
    -0.2733485892537117,
    0.6030788271647053,
    2.8446059275475233,
    1.6084422391240403,
    1.2988345911536294,
    -1.4880974272593968,
    -0.115211963416704,
    -0.8154965229282426,
    0.4115031661349135
  ],
  "bHidden": [
    -0.34563864203637157,
    -1.5174213186731713,
    -2.2190265000873386,
    -0.1361583413954453,
    -1.8794648748848413,
    -1.3402390179413386,
    1.243690699156461
  ],