{
  "Config": {
    "inputNeurons": 40,
    "outputNeurons": 7,
    "hiddenNeurons": 7,
    "numEpochs": 5000,
    "learningRate": 0.1
  },
  "nWords": 40,
  "nClasses": 7,
  "words": [
    "hola",
    "como",
    "estas",
    "buenos",
    "dias",
    "buenas",
    "tardes",
    "noches",
    "buen",
    "dia",
    "la",
    "comida",
    "estuvo",
    "excelente",
    "me",
    "encanto",
    "de",
    "lujo",
    "que",
    "tan",
    "buena",
    "genial",
    "no",
    "gusto",
    "horrible",
    "fea",
    "asco",
    "espantosa",
    "quiero",
    "ordenar",
    "pizza",
    "gustaria",
    "una",
    "por",
    "favor",
    "hamburguesa",
    "ensalada",
    "gaseosa",
    "un",
    "refresco"
  ],
  "Classes": [
    "(greeting)",
    "(liked)",
    "(disliked)",
    "(food,order,pizza)",
    "(food,order,hamburger)",
    "(food,order,salad) ",
    "(food,order,soda)"
  ],
  "wHidden": [
    1.730419617494512,
    1.0723016869013835,
    1.781817447933613,
    -1.5373653492889336,
    0.4842657376200389,
    0.29860222558467725,
    1.2976933789005058,
    1.2725407494985113,
    0.49449942226349086,
    1.113211309869996,
    -1.0371151721135952,
    0.12076467873349053,
    0.5736487120332335,
    0.924465266009954,
    1.2084836842336126,
    0.2830232117943836,
    1.3446359723766974,
    -0.3610992782846595,
    0.2092850467106691,
    -0.22147303407097685,
    0.48663787665839026,
    1.2796536621493795,
    0.6076657234018084,
    0.9978080309882623,
    -0.7917063069815573,
    0.536292500155179,
    0.14877401158123402,
    0.733825235290969,
    0.9257131824349251,
    0.818542361173817,
    1.1871911836080882,
    -0.9183503967535664,
    0.3710399606316061,
    0.10744090922903471,
    1.0028394424725988,
    1.4965762123755229,
    1.2841126726387568,
    1.517181285721326,
    -1.3895312091693572,
    0.6730629337682772,
    0.14309289364903083,
    0.8604591436864928,
    1.259286081363915,
    0.6205592410079587,
    0.8305857442474305,
    -0.2147671077335355,
    0.27662905902350116,
    -0.02401096159437328,
    0.6767586806947637,
    0.8496980445027963,
    0.5324293508204669,
    1.228781007720998,
    -0.4010661688729765,
    0.2555776287579264,
    0.44873754750705197,
    1.1872920247047918,
    0.9321079841425115,
    0.12389142607795896,
    0.3717042209370238,
    -0.04689734996033253,
    0.7009140110246531,
    -0.11616660380786126,
    1.0604296708690726,
    0.4878586083895697,
    0.817584033137541,
    1.001140339265915,
    -0.45012051822038407,
    0.009064156226472551,
    0.21682297846683635,
    0.2652603921670079,
    -0.9619861404843605,
    0.8740348115488357,
    0.6835967194740166,
    1.1949691646763079,
    -0.2631127833183972,
    -0.8890640772158915,
    1.2658334087058705,
    -2.5632460717361867,
    0.1343245236550743,
    1.581523001898378,
    2.125645546184553,
    -0.16033203945358207,
    0.25482251653782095,
    0.8495926229753504,
    -0.47677245254634987,
    -0.15045963543851726,
    1.0238250736691978,
    0.9777716525763569,
    0.9859367102484164,
    0.8454798943831033,
    0.9793129718881942,
    0.9506302813546139,
    1.835732187682592,
    0.8064333850965907,
    0.0005685179363523331,
    -1.56227222998649,
    -0.9761770972925161,
    0.7660244538449543,
    0.23689896996632104,
    0.08538113196996647,
    -0.2729313006076215,
    0.6441071114319463,
    -0.0950096650114086,
    0.12675879581574018,
    -0.5861631049685259,
    0.13556934876491614,
    1.426125000397331,
    0.894330188548929,
    0.2184352037278862,
    -0.8456238788557101,
    -0.27132238057707586,
    0.850955734632803,
    -0.006164001443194223,
    0.7319955385429242,
    0.5100953031974957,
    0.8044079466847603,
    -0.40112932229169507,
    0.05027849303167465,
    1.0202260663532061,
    1.0545782078295807,
    1.1490507966339305,
    0.6535890501778246,
    0.2934526474080586,
    -1.301630749068423,
    -0.9830651554443577,
    1.004127880200703,
    -1.219713769402728,
    -0.29740898380683795,
    0.4870625713441258,
    1.073302660641142,
    1.581917594957865,
    0.7802688471524653,
    0.8999972859450257,
    0.06470773705635632,
    1.0657430452022802,
    0.5825917558794226,
    0.6727934364803168,
    -0.5576922826218652,
    -0.04421549606386396,
    1.039240413648955,
    0.6213018175433638,
    1.2463668957340015,
    1.032490006387845,
    0.11696483083910446,
    -1.9326014163235221,
    -1.7969617335172334,
    0.5612231072830564,
    0.6391313722104568,
    1.4082326703197185,
    0.7533453006219475,
    0.869765638193744,
    -0.9473665222644544,
    -0.15821347735873567,
    0.783252898466041,
    -0.905526915536118,
    -0.4916376540468193,
    0.8910674814165485,
    0.6224386409108492,
    2.065425442582499,
    1.7011505735684271,
    0.545924920164669,
    -0.0923316740600912,
    -0.3627768035570325,
    0.8285449924116763,
    0.8678557603929845,
    1.8888920393370874,
    1.723311459069983,
    0.6152120005819657,
    -0.4629308562489213,
    -0.8123381990946376,
    0.17711424871123052,
    1.1489361333869843,
    2.54326982544969,
    2.358839638116976,
    0.10675709030146605,
    -0.5977313553919058,
    -0.7266214911609632,
    0.5594903475567313,
    0.64936545460345,
    2.5004303878738567,
    1.7174528191930383,
    0.40787852829817917,
    -0.45499996062454234,
    -0.32563032541145975,
    0.19990972647604205,
    0.6743650314965363,
    2.432924995770994,
    1.810482102276768,
    0.3168789828951405,
    -0.403381642269294,
    -0.7619320908947277,
    0.48952856995722316,
    1.1349813663769925,
    2.725912667497563,
    2.305239329901747,
    0.7242611604542086,
    1.1937852916790868,
    0.2964511498317737,
    -0.2952503624685058,
    1.5468352997356756,
    -0.05170578588929414,
    0.18106025016791652,
    -0.5028676761834194,
    1.0746095424911033,
    0.29388533918396725,
    -0.5856414877931085,
    1.5372933921084815,
    0.6542784601946757,
    0.25944488968804746,
    -0.7917804675050054,
    -0.31305960539597855,
    0.2621107535279598,
    3.283993528895323,
    1.5269653647895665,
    2.571365751727726,
    -2.990290524249892,
    -2.532494790944355,
    0.7836699408071085,
    0.23837148678792508,
    -0.03266954614198818,
    0.27690501489336267,
    -0.028869894039951504,
    0.09130548744485599,
    0.015820978500515608,
    0.6772203805384936,
    -0.1002385476503386,
    0.16156395330460935,
    0.8520383698858501,
    0.08742694672176671,
    -0.13032492053488653,
    0.3111446923878759,
    1.1097419696549287,
    0.3911657497357634,
    -0.12411459328071071,
    1.5330726528203193,
    0.5043597751129553,
    0.27540316143129884,
    -0.8041755463076921,
    0.7709101331937744,
    0.12518471026381403,
    -0.6988052414836039,
    1.0602974679941088,
    0.13328885826779363,
    0.1016826910209386,
    -0.39556676361714094,
    1.496076718699259,
    -4.241367189898327,
    0.40611181670833774,
    1.4953115511814354,
    1.6111415366266593,
    2.261993064155381,
    1.48256935413767,
    0.9958156813933928,
    1.3359807969235407,
    -2.9061177127870925,
    1.5238626905944708,
    1.3823008102887562,
    -2.6272743414284947,
    3.7638045531528777,
    1.1039389339440302,
    2.091516260518507,
    -0.5614755180921878,
    0.08935781383035492,
    -1.7795134463696471,
    3.0534471699515344,
    -1.180919742181448,
    0.8357132689879944,
    1.2390011984044127,
    -0.13085316166215574,
    0.7309910997795671,
    -0.014067598835096432,
    1.3738359094420785,
    -0.7061305357575254,
    0.39739540084379893,
    1.7865612484074513,
    -0.8403474487673721,
    0.2528456975549473,
    -1.013946738323551,
    2.6117673515833837,
    -1.2123421849969995
  ],
  "bHidden": [
    0.6925191262016887,
    0.2569893865513522,
    0.29362052117559223,
    -1.1430769415919348,
    -1.1281016561578552,
    -0.6824643469052227,
    0.4823927772309876
  ],