{
  "Config": {
    "inputNeurons": 41,
    "outputNeurons": 7,
    "hiddenNeurons": 7,
    "numEpochs": 5000,
    "learningRate": 0.07
  },
  "nWords": 41,
  "nClasses": 7,
  "words": [
    "hola",
    "como",
    "estas",
    "buenos",
    "dias",
    "buenas",
    "tardes",
    "noches",
    "buen",
    "dia",
    "la",
    "comida",
    "estuvo",
    "excelente",
    "me",
    "encanto",
    "de",
    "lujo",
    "que",
    "tan",
    "buena",
    "genial",
    "no",
    "gusto",
    "horrible",
    "fea",
    "asco",
    "espantosa",
    "quiero",
    "ordenar",
    "pizza",
    "gustaria",
    "una",
    "por",
    "favor",
    "hamburguesa",
    "ensalada",
    "pedir",
    "gaseosa",
    "un",
    "refresco"
  ],
  "Classes": [
    "(greeting)",
    "(liked)",
    "(disliked)",
    "(food,order,pizza)",
    "(food,order,hamburger)",
    "(food,order,salad)",
    "(food,order,soda)"
  ],
  "wHidden": [
    -1.565980891471359,
    0.9957606556195163,
    1.9790782362922954,
    0.31535582385910793,
    0.7191876602145234,
    -0.1018679286098051,
    1.2389276313654285,
    -1.092639421888809,
    0.5741072189284615,
    1.2926099525976305,
    0.33727450485364874,
    0.6013208264783783,
    -0.27700882442797836,
    0.2841545879305432,
    -0.5840648293473665,
    0.6784512909907011,
    1.1663961588729945,
    0.3202066359014746,
    0.322343429387374,
    0.29839885159511004,
    1.1464728647977351,
    -0.8284667163172397,
    0.858809002615964,
    1.5177921292870085,
    0.45303918185024233,
    0.5568478201065532,
    -0.17243700608489912,
    0.9893897975254066,
    -0.7161210782349821,
    0.5850436528769588,
    0.7778021146762051,
    0.04643983357328748,
    0.42058421242273014,
    -0.003770553260782552,
    0.4103234126198263,
    -1.2653597555692149,
    0.6672758648051283,
    1.5089983684670076,
    0.5261153095234065,
    0.5945351079125224,
    -0.40924547755848406,
    1.1063429206411917,
    -0.5807764515289311,
    0.5048375390273484,
    1.2848800618911365,
    0.028586392491795475,
    0.2512168385029469,
    0.3618208855693567,
    0.7898318330697085,
    -0.664684509605243,
    0.9596217836002611,
    1.350322079407841,
    0.030362126687343366,
    0.4491932333306091,
    0.3227761934804008,
    0.836142471414301,
    -0.7492793796951176,
    0.6689432663663478,
    0.5215492316834228,
    0.0419668665376,
    0.2799431792139811,
    0.21708866064190127,
    0.2208404717704307,
    0.12818566597670802,
    0.2811498764102215,
    0.8469576696985069,
    0.3497598697035843,
    0.13062551804225445,
    -0.1438911029896415,
    0.3461102607611319,
    1.3651555394931294,
    0.9660113790176797,
    1.0425232759411531,
    -0.684957614423172,
    -1.2465862035657282,
    0.5415224226811128,
    0.7222373311228024,
    2.106888887805597,
    1.8096569491549008,
    0.8413140995315815,
    -0.2213499817410501,
    -2.552239246607372,
    -0.4498192279507822,
    0.544685671755402,
    0.7608699184354472,
    0.5957641115860398,
    0.9540037623434362,
    1.2974532500975768,
    -0.24447140537685955,
    -0.24147395020591828,
    0.7208957650195609,
    1.1580807336198826,
    0.7103133901145431,
    0.8507157983317943,
    -1.8605546076830084,
    0.1438737607129767,
    1.969636739163119,
    0.5153395078762247,
    0.34780963117009356,
    0.11323693122387841,
    -0.6239064814533606,
    0.5354323743753181,
    0.06407541737432969,
    0.3477358338304817,
    -0.110869229267785,
    1.211040447204509,
    0.7303365512927342,
    0.8116890548203303,
    -1.3615154329665224,
    -0.009347261194501223,
    1.493229496303316,
    0.8901533111506583,
    0.540335642979493,
    0.5313201910430218,
    0.06197923867392819,
    -0.21270400660776304,
    -0.5387431549859721,
    0.5875327562440869,
    0.9252328952991667,
    0.6801445487491252,
    0.7381234450224673,
    0.9301219895228425,
    -1.645081655073453,
    0.36331516219385035,
    1.528128097222406,
    0.08957512737621524,
    1.0405575065934498,
    0.8766144552753211,
    0.7657231135730699,
    1.5828955589003109,
    -0.9116440113932918,
    -0.5233110123378208,
    0.3634118101226245,
    1.1153377264254871,
    0.8090740425733766,
    0.9437833259316364,
    -0.22297060537738908,
    -0.49970105081060756,
    0.9101061913150655,
    0.42425170136176377,
    0.9588796574976994,
    0.7772754881217164,
    0.4080584892986357,
    -2.6137060670464414,
    0.5937619860556212,
    1.7330861931132782,
    0.6296208860495763,
    1.1017467217912325,
    0.5710856737635079,
    0.8707321587615547,
    -0.9745095548475637,
    0.05198375083469108,
    1.7387622975086843,
    0.9346680050223832,
    0.5163779238426643,
    0.5264187580462073,
    0.1528413951411727,
    2.2301111491251753,
    -0.264084230337778,
    -0.34269103659465344,
    0.6485686911085851,
    0.08046195330817936,
    0.5136005458118182,
    0.5423919874386471,
    1.9383692353002349,
    -0.08102661805268677,
    -1.0185404210428246,
    0.49811860515321854,
    0.7234180010011114,
    0.23232514006294697,
    0.02448635639122543,
    3.0460539715509407,
    0.6138774933243594,
    -0.8836325194347582,
    0.7575609047031885,
    0.6076073171485165,
    0.6154119055363613,
    0.8989274289013498,
    2.4600754941018024,
    0.08644473299909256,
    -0.8280779951734567,
    1.0300830307537794,
    0.45155081506385464,
    0.7875210848791844,
    -0.08671517254333531,
    2.4761753265176596,
    0.4122202637294105,
    -0.679638095446549,
    0.5616955795654346,
    0.43100838257887897,
    0.7085402537465137,
    0.1729010715871523,
    3.0977670368200316,
    0.027958112636245477,
    -0.7567864265806491,
    0.18188890072630218,
    0.792508325950046,
    0.29164633524656713,
    -0.4813468360140515,
    0.7120134197555124,
    0.7560639991779003,
    1.3089668303579118,
    0.30431380602670405,
    0.9709743276498477,
    -1.0846505703926772,
    -0.29955972627062777,
    0.2026472964263224,
    1.0216481319407074,
    1.4964503739052344,
    0.17818995162908985,
    0.950739274324382,
    -2.2119830043836775,
    2.589482665203077,
    -2.7260915210419387,
    2.337377235278152,
    1.0013225262974577,
    1.0912600418853171,
    0.22489695835423024,
    0.14897026314654577,
    -0.08986324666839039,
    0.3447303894290641,
    0.7673456127209637,
    1.0973060658959726,
    0.4496514919023058,
    -0.15097803621206413,
    -0.2342673964516473,
    0.42638306379181046,
    0.0921295306139938,
    -0.14363198704030958,
    0.9903814412070029,
    -0.18502186782107657,
    0.5411688538411006,
    -0.3214419309374957,
    -0.3772850048309857,
    0.4167532123080402,
    0.49961309624607775,
    1.2659601516318377,
    0.5003724129491832,
    0.9769683192566743,
    -0.5353416725899706,
    -0.36245632355902724,
    0.34468848853113715,
    1.0354720863991829,
    1.4556232561996383,
    -0.08136294209145702,
    3.5135140452340163,
    -2.4494448242641496,
    -0.6428041843018498,
    1.817265582301017,
    -3.13572695841145,
    0.8865932420276086,
    1.1692560595410826,
    2.0324611489340487,
    2.785278687700601,
    2.030752611775433,
    2.685421532439126,
    2.2572085178228676,
    0.10269345414092326,
    -3.7259099857130535,
    0.6646126916114762,
    0.21983812249722065,
    0.9820279822571932,
    0.8881465827987316,
    0.8980295004895454,
    0.7678754423774389,
    -0.12227933152061912,
    -1.2819094793246268,
    1.8013440264312468,
    -2.9578370586701346,
    1.391533713090256,
    0.9895938896814299,
    0.9530721256104311,
    1.671637046457025,
    0.21056499407632553,
    0.4225971242891459,
    -1.1599709679023387,
    0.6180032159174088,
    0.4259203872878685,
    1.2006120647885228,
    1.0183448789303986,
    -0.7484750458402286,
    1.6828613715949168,
    -2.3969116713543634,
    0.9666662262242947,
    1.3326667006359247,
    0.8733230129433746,
    1.3150956730190424
  ],