{
  "Config": {
    "inputNeurons": 41,
    "outputNeurons": 7,
    "hiddenNeurons": 7,
    "numEpochs": 5000,
    "learningRate": 0.05
  },
  "nWords": 41,
  "nClasses": 7,
  "words": [
    "hola",
    "como",
    "estas",
    "buenos",
    "dias",
    "buenas",
    "tardes",
    "noches",
    "buen",
    "dia",
    "la",
    "comida",
    "estuvo",
    "excelente",
    "me",
    "encanto",
    "de",
    "lujo",
    "que",
    "tan",
    "buena",
    "genial",
    "no",
    "gusto",
    "horrible",
    "fea",
    "asco",
    "espantosa",
    "quiero",
    "ordenar",
    "pizza",
    "gustaria",
    "una",
    "por",
    "favor",
    "hamburguesa",
    "ensalada",
    "pedir",
    "gaseosa",
    "un",
    "refresco"
  ],
  "Classes": [
    "(greeting)",
    "(liked)",
    "(disliked)",
    "(food,order,pizza)",
    "(food,order,hamburger)",
    "(food,order,salad)",
    "(food,order,soda)"
  ],
  "wHidden": [
    0.06276803626798262,
    1.35618623788978,
    0.9076458031115004,
    -0.17319604934040222,
    0.8149052517516805,
    -0.05892945548904673,
    0.0509437837388308,
    0.32444893414852893,
    1.4845414338818352,
    0.03829740311051416,
    0.397136164816694,
    0.6226890391588278,
    0.2981046175054426,
    0.08019935144285482,
    0.3665376712517333,
    0.73884418861743,
    0.374626071577244,
    0.032146479725352596,
    0.7530626926470289,
    0.06819659272314849,
    -0.050984210597877444,
    0.7996306281906391,
    1.0438569007264369,
    0.5755156453568768,
    0.1231155965428603,
    0.6003136361151281,
    0.05296332584071745,
    0.5793723701378417,
    -0.15061708246091293,
    1.1209070702976032,
    1.0066539881976255,
    0.2578800338669344,
    0.29623601899622115,
    -0.1277952091243126,
    0.46412836918132844,
    0.21200356005926277,
    1.5805236248633219,
    0.2858659457484286,
    0.12692754050839117,
    0.6278803901862126,
    -0.054742900963178354,
    0.15070982740387287,
    0.14174239126356478,
    0.551214680958829,
    0.09274536976300829,
    0.4144405600831486,
    0.9551129649177875,
    0.2947391306244517,
    0.5286647607922266,
    0.5392588807927179,
    0.9394568242325065,
    0.3872945061067804,
    0.2571258910419746,
    0.8841445548595968,
    0.32018464337927927,
    -0.05038314885365423,
    0.14859663037786514,
    0.6469592119453864,
    0.7087555520413262,
    0.6874507263740053,
    1.0056847955097474,
    0.7806536921315133,
    0.7260055399560338,
    0.05161886326293266,
    0.6587944326329561,
    0.4995514430033457,
    0.10891830962123335,
    0.5573050928476448,
    -0.12313354456534371,
    0.28111062748929794,
    0.42917391669586563,
    0.23630185080496804,
    -0.29337393204807255,
    -0.002540365359734527,
    -0.24300760708249555,
    0.27049734042656026,
    0.773431846557609,
    0.6159506389217455,
    0.5826455951873307,
    -0.5721769979742498,
    -1.1167166444844359,
    0.30457285015496033,
    1.2116096816664288,
    1.3833922801509972,
    1.0242378420261047,
    0.2751011501015832,
    -0.09480681706209657,
    0.2912392363929507,
    0.37370739723013563,
    0.7168819123437996,
    0.6714594875081513,
    -0.2101484159352546,
    0.9748927040145103,
    0.8159205723426468,
    0.7494527776139644,
    -0.4439951933766195,
    1.0197677410515522,
    1.056405906740472,
    0.7040208500926639,
    0.49220468846051346,
    0.797817675443348,
    0.4873964135509916,
    0.5744807271684333,
    0.579185277714023,
    0.5759961416808962,
    -0.26747100142646185,
    0.4839002649857173,
    0.0003705299856358552,
    0.5747872010765736,
    -0.7333293979644978,
    0.849493735319093,
    0.8522020947438208,
    0.29828829632074794,
    0.13504929841657115,
    0.3265969739344225,
    -0.04158793580026364,
    0.5910573377205434,
    0.7381138961320877,
    1.01553586066506,
    -0.4268059334422687,
    1.3153226147944714,
    0.8206038324427427,
    0.13047024475550606,
    -0.6328446933889065,
    1.0488594616887172,
    0.3601824926229704,
    1.2116695391760615,
    0.3170859669108905,
    -0.07044772988941017,
    0.613088834820062,
    0.6985924919744361,
    0.9170309555642541,
    0.3200568755966258,
    0.6501728035015822,
    0.6326417315996076,
    0.36021750813950715,
    -0.02117007757191031,
    0.0028452663601263297,
    0.8380167424555157,
    0.8211417683009108,
    -0.0796200122304772,
    1.2254732545879101,
    0.21503257053791952,
    0.4677020853305613,
    -0.6359137000367284,
    1.5278484143428617,
    0.7809413821960395,
    0.349579474059102,
    0.5238346202163682,
    0.6042088951000748,
    0.8164417684760237,
    -0.5519833341221252,
    0.9882676969285127,
    0.7326536299295726,
    0.5498322145675641,
    -0.09503551706647917,
    0.25936219874953786,
    0.6531139209666025,
    1.317693005868016,
    0.5391533289426915,
    0.6487953113126561,
    0.9139452677728102,
    0.3187011270286521,
    0.1511964912264147,
    0.09331375239853783,
    0.970302374766208,
    0.12148337393302383,
    0.8077045728927593,
    1.2656492406828688,
    0.12650290632039984,
    0.11389855012717442,
    0.52844385463124,
    1.9295836120213365,
    0.15661785934505137,
    0.2788386395329387,
    0.960139173197104,
    -0.4800119429394193,
    0.4700997816147846,
    0.11387015117255794,
    1.441600399632682,
    -0.04761785686974316,
    0.44688072277572405,
    1.173532352550302,
    0.41811646213302933,
    0.37962862234117517,
    0.37572605315950275,
    1.2346066691014963,
    0.16939983153165988,
    0.4172547953414924,
    1.1096377367838555,
    -0.1497316423079507,
    0.011140958566267707,
    0.1084543309960664,
    1.8007036950060191,
    -0.05861173017460231,
    0.18760282881097162,
    0.8758505789362211,
    0.39755577042941986,
    0.6329760156716991,
    1.739704318815696,
    0.5936474776628595,
    0.9943675609283189,
    0.7902515532743327,
    0.8415441025955094,
    0.3528680639889631,
    1.1419260727078373,
    1.4814761921514805,
    0.1482321707967925,
    0.5249333130677263,
    0.5051709387594354,
    -1.3730354934074724,
    1.3015384272724428,
    -0.00009506413224133031,
    1.7523588726808967,
    -1.1740676374261945,
    -0.4263075184050944,
    0.5162470295090897,
    0.22062184794256634,
    0.06163460956031964,
    0.48919145733288,
    1.5455262629301674,
    0.4308735164000809,
    0.7327578862919017,
    0.5296053653933291,
    -0.03940076307367774,
    0.5007193985777858,
    0.6742296397470826,
    0.4920499549696059,
    -0.20358489330442153,
    0.3550017126743852,
    0.5440384073102815,
    0.567847361790798,
    0.320678691282017,
    0.8151190652372217,
    1.5953931456755301,
    0.3129527851773747,
    0.4321819095007924,
    0.7653211102742924,
    1.0436144607773736,
    0.3793421979319521,
    0.9284909268529978,
    1.3098550631404529,
    0.3706902483577835,
    0.9983068422809382,
    0.17116115325356515,
    2.13956254360229,
    0.330012498390222,
    1.5935692538261226,
    -0.7939379771319528,
    -1.1476980885431511,
    -0.14225965782100136,
    1.2365333649312618,
    -0.16753562698246435,
    -0.6394137850152671,
    0.15574583332438185,
    0.3168979157584812,
    -0.012653827254949936,
    3.373846250934792,
    0.9986472005760361,
    0.7550752678065789,
    0.01734494883358524,
    0.5149056109741423,
    0.7304149139114783,
    0.8350059288041494,
    0.5077694727108337,
    0.15258214274898477,
    1.4373833890810552,
    0.6046111925507506,
    -0.2749931393012266,
    1.3527561616488781,
    1.586974460166227,
    0.1930474989680988,
    -0.2620544588062401,
    0.47708282211582337,
    0.2548344214812696,
    0.35117039030252356,
    0.589972025958743,
    0.5796284036598403,
    0.3621841866140229,
    -0.08875685179630459,
    1.3608310178851621,
    0.7725692968317844,
    -0.03712519998646398,
    1.6304009602675702,
    1.3066165610831626,
    0.6125837861345271,
    -0.5762583537366794
  ],